{
  "generated_at": "2026-07-23T21:25:11",
  "rows": {
    "A ~18%": {
      "worst_mdd": -16.360990157675154,
      "cagr_all": 8.645668594529132,
      "cagr_old": 8.439754147255885,
      "recency_gap": 0.2059144472732477,
      "pert_std": 0.7324590018739376
    },
    "B ~20%": {
      "worst_mdd": -19.079896161135295,
      "cagr_all": 9.097992149492507,
      "cagr_old": 8.882563473826256,
      "recency_gap": 0.21542867566625112,
      "pert_std": 0.7927063913007792
    },
    "C ~22%": {
      "worst_mdd": -21.10367170364741,
      "cagr_all": 9.318064141729842,
      "cagr_old": 9.080321111116296,
      "recency_gap": 0.23774303061354551,
      "pert_std": 0.8268818787481554
    },
    "D ~24%": {
      "worst_mdd": -22.41262662532008,
      "cagr_all": 9.55629809409757,
      "cagr_old": 9.212040279584542,
      "recency_gap": 0.3442578145130284,
      "pert_std": 0.737773298367466
    },
    "E ~26%": {
      "worst_mdd": -24.14770562138849,
      "cagr_all": 9.84233229617234,
      "cagr_old": 9.443122237277967,
      "recency_gap": 0.3992100588943739,
      "pert_std": 0.6047004417721593
    },
    "F ~28%": {
      "worst_mdd": -26.07999785823286,
      "cagr_all": 9.825065751613081,
      "cagr_old": 9.598879301452046,
      "recency_gap": 0.22618645016103578,
      "pert_std": 0.4746173471367336
    }
  }
}